Center,Hour,Date,Forecast,Lower_CI,Upper_CI
SC35,0,2023-11-26,572.7853635670391,-96.52837032442596,1242.0990974585043
SC35,0,2023-11-27,572.7853635670391,-98.6776678801333,1244.2483950142114
SC35,0,2023-11-28,572.7853635670391,-100.82010762861398,1246.390834762692
SC35,0,2023-11-29,572.7853635670391,-102.95575479798197,1248.52648193206
SC35,0,2023-11-30,572.7853635670391,-105.08467358883104,1250.6554007229092
SC35,0,2023-12-01,572.7853635670391,-107.20692719675503,1252.7776543308332
SC35,0,2023-12-02,572.7853635670391,-109.32257783423483,1254.893304968313
SC35,0,2023-12-03,572.7853635670391,-111.43168675191873,1257.002413885997
SC35,0,2023-12-04,572.7853635670391,-113.53431425931228,1259.1050413933904
SC35,0,2023-12-05,572.7853635670391,-115.63051974490054,1261.2012468789787
SC35,0,2023-12-06,572.7853635670391,-117.7203616957205,1263.2910888297988
SC35,0,2023-12-07,572.7853635670391,-119.80389771640102,1265.3746248504792
SC35,0,2023-12-08,572.7853635670391,-121.8811845476896,1267.4519116817678
SC35,0,2023-12-09,572.7853635670391,-123.9522780844826,1269.5230052185607
SC35,0,2023-12-10,572.7853635670391,-126.01723339337263,1271.5879605274508
SC35,0,2023-12-11,572.7853635670391,-128.07610472973295,1273.6468318638113
SC35,0,2023-12-12,572.7853635670391,-130.12894555434923,1275.6996726884274
SC35,0,2023-12-13,572.7853635670391,-132.1758085496174,1277.7465356836956
SC35,0,2023-12-14,572.7853635670391,-134.21674563531792,1279.7874727693961
SC35,0,2023-12-15,572.7853635670391,-136.25180798398264,1281.8225351180608
SC35,0,2023-12-16,572.7853635670391,-138.28104603586473,1283.851773169943
SC35,0,2023-12-17,572.7853635670391,-140.30450951352577,1285.875236647604
SC35,0,2023-12-18,572.7853635670391,-142.3222474360516,1287.8929745701298
SC35,0,2023-12-19,572.7853635670391,-144.3343081329075,1289.9050352669856
SC35,0,2023-12-20,572.7853635670391,-146.34073925744508,1291.9114663915234
SC35,0,2023-12-21,572.7853635670391,-148.34158780007078,1293.912314934149
SC35,0,2023-12-22,572.7853635670391,-150.33690010108603,1295.9076272351642
SC35,0,2023-12-23,572.7853635670391,-152.32672186321008,1297.8974489972884
SC35,0,2023-12-24,572.7853635670391,-154.31109816379376,1299.881825297872
SC35,0,2023-12-25,572.7853635670391,-156.2900734667345,1301.8608006008126
SC35,1,2023-11-23,1940.6999965124542,1405.0057812211335,2476.394211803775
SC35,1,2023-11-24,1940.6999965124542,1405.0057812211335,2476.394211803775
SC35,1,2023-11-25,1940.6999965124542,1405.0057812211335,2476.394211803775
SC35,1,2023-11-26,1940.6999965124542,1405.0057812211335,2476.394211803775
SC35,1,2023-11-27,1940.6999965124542,1405.0057812211335,2476.394211803775
SC35,1,2023-11-28,1940.6999965124542,1405.0057812211335,2476.394211803775
SC35,1,2023-11-29,1940.6999965124542,1405.0057812211335,2476.394211803775
SC35,1,2023-11-30,1940.6999965124542,1405.0057812211335,2476.394211803775
SC35,1,2023-12-01,1940.6999965124542,1405.0057812211335,2476.394211803775
SC35,1,2023-12-02,1940.6999965124542,1405.0057812211335,2476.394211803775
SC35,1,2023-12-03,1940.6999965124542,1405.0057812211335,2476.394211803775
SC35,1,2023-12-04,1940.6999965124542,1405.0057812211335,2476.394211803775
SC35,1,2023-12-05,1940.6999965124542,1405.0057812211335,2476.394211803775
SC35,1,2023-12-06,1940.6999965124542,1405.0057812211335,2476.394211803775
SC35,1,2023-12-07,1940.6999965124542,1405.0057812211335,2476.394211803775
SC35,1,2023-12-08,1940.6999965124542,1405.0057812211335,2476.394211803775
SC35,1,2023-12-09,1940.6999965124542,1405.0057812211335,2476.394211803775
SC35,1,2023-12-10,1940.6999965124542,1405.0057812211335,2476.394211803775
SC35,1,2023-12-11,1940.6999965124542,1405.0057812211335,2476.394211803775
SC35,1,2023-12-12,1940.6999965124542,1405.0057812211335,2476.394211803775
SC35,1,2023-12-13,1940.6999965124542,1405.0057812211335,2476.394211803775
SC35,1,2023-12-14,1940.6999965124542,1405.0057812211335,2476.394211803775
SC35,1,2023-12-15,1940.6999965124542,1405.0057812211335,2476.394211803775
SC35,1,2023-12-16,1940.6999965124542,1405.0057812211335,2476.394211803775
SC35,1,2023-12-17,1940.6999965124542,1405.0057812211335,2476.394211803775
SC35,1,2023-12-18,1940.6999965124542,1405.0057812211335,2476.394211803775
SC35,1,2023-12-19,1940.6999965124542,1405.0057812211335,2476.394211803775
SC35,1,2023-12-20,1940.6999965124542,1405.0057812211335,2476.394211803775
SC35,1,2023-12-21,1940.6999965124542,1405.0057812211335,2476.394211803775
SC35,1,2023-12-22,1940.6999965124542,1405.0057812211335,2476.394211803775
SC35,2,2023-11-14,1667.7789245473914,903.5426133045193,2432.0152357902634
SC35,2,2023-11-15,1673.9520768536818,899.7996008318603,2448.104552875503
SC35,2,2023-11-16,1680.1252291599722,895.5249879313053,2464.725470388639
SC35,2,2023-11-17,1686.2983814662625,890.7342355786842,2481.862527353841
SC35,2,2023-11-18,1692.471533772553,885.4429749398488,2499.500092605257
SC35,2,2023-11-19,1698.6446860788433,879.6668989753194,2517.6224731823672
SC35,2,2023-11-20,1704.8178383851337,873.4216651935337,2536.2140115767334
SC35,2,2023-11-21,1710.990990691424,866.722809696089,2555.259171686759
SC35,2,2023-11-22,1717.1641429977144,859.5856723705568,2574.742613624872
SC35,2,2023-11-23,1723.3372953040048,852.025332854625,2594.6492577533845
SC35,2,2023-11-24,1729.5104476102952,844.0565567174261,2614.964338503164
SC35,2,2023-11-25,1735.6835999165855,835.6937511757045,2635.6734486574665
SC35,2,2023-11-26,1741.856752222876,826.9509295782977,2656.762574867454
SC35,2,2023-11-27,1748.0299045291663,817.8416838458999,2678.218125212433
SC35,2,2023-11-28,1754.2030568354567,808.3791640376986,2700.026949633215
SC35,2,2023-11-29,1760.376209141747,798.5760642258773,2722.1763540576167
SC35,2,2023-11-30,1766.5493614480374,788.4446138873402,2744.654109008735
SC35,2,2023-12-01,1772.7225137543278,777.9965740641583,2767.4484534444973
SC35,2,2023-12-02,1778.8956660606182,767.2432375957035,2790.548094525533
SC35,2,2023-12-03,1785.0688183669085,756.1954327825572,2813.94220395126
SC35,2,2023-12-04,1791.241970673199,744.8635299020534,2837.6204114443444
SC35,2,2023-12-05,1797.4151229794893,733.2574500554397,2861.572795903539
SC35,2,2023-12-06,1803.5882752857797,721.3866758853471,2885.789874686212
SC35,2,2023-12-07,1809.76142759207,709.260263758312,2910.262591425828
SC35,2,2023-12-08,1815.9345798983604,696.8868570596255,2934.9823027370953
SC35,2,2023-12-09,1822.1077322046508,684.2747002962849,2959.9407641130165
SC35,2,2023-12-10,1828.2808845109412,671.4316537480208,2985.1301152738615
SC35,2,2023-12-11,1834.4540368172316,658.3652084462151,3010.542865188248
SC35,2,2023-12-12,1840.627189123522,645.082501296062,3036.1718769509816
SC35,2,2023-12-13,1846.8003414298123,631.59033018878,3062.0103526708444
SC35,3,2023-11-13,1828.9438168387733,1434.8831191118293,2223.0045145657173
SC35,3,2023-11-14,1517.0734921919252,1027.4043019048597,2006.7426824789907
SC35,3,2023-11-15,1517.0734921919252,1027.4042432843664,2006.742741099484
SC35,3,2023-11-16,1517.0734921919252,1027.4041846638802,2006.7427997199702
SC35,3,2023-11-17,1517.0734921919252,1027.4041260434008,2006.7428583404496
SC35,3,2023-11-18,1517.0734921919252,1027.4040674229286,2006.7429169609218
SC35,3,2023-11-19,1517.0734921919252,1027.4040088024633,2006.742975581387
SC35,3,2023-11-20,1517.0734921919252,1027.403950182005,2006.7430342018454
SC35,3,2023-11-21,1517.0734921919252,1027.4038915615538,2006.7430928222966
SC35,3,2023-11-22,1517.0734921919252,1027.4038329411096,2006.7431514427408
SC35,3,2023-11-23,1517.0734921919252,1027.4037743206725,2006.743210063178
SC35,3,2023-11-24,1517.0734921919252,1027.4037157002424,2006.743268683608
SC35,3,2023-11-25,1517.0734921919252,1027.4036570798191,2006.7433273040313
SC35,3,2023-11-26,1517.0734921919252,1027.4035984594032,2006.7433859244472
SC35,3,2023-11-27,1517.0734921919252,1027.403539838994,2006.7434445448564
SC35,3,2023-11-28,1517.0734921919252,1027.4034812185919,2006.7435031652585
SC35,3,2023-11-29,1517.0734921919252,1027.4034225981968,2006.7435617856536
SC35,3,2023-11-30,1517.0734921919252,1027.4033639778088,2006.7436204060416
SC35,3,2023-12-01,1517.0734921919252,1027.4033053574278,2006.7436790264226
SC35,3,2023-12-02,1517.0734921919252,1027.403246737054,2006.7437376467965
SC35,3,2023-12-03,1517.0734921919252,1027.4031881166868,2006.7437962671636
SC35,3,2023-12-04,1517.0734921919252,1027.4031294963268,2006.7438548875236
SC35,3,2023-12-05,1517.0734921919252,1027.4030708759738,2006.7439135078766
SC35,3,2023-12-06,1517.0734921919252,1027.4030122556278,2006.7439721282226
SC35,3,2023-12-07,1517.0734921919252,1027.402953635289,2006.7440307485615
SC35,3,2023-12-08,1517.0734921919252,1027.402895014957,2006.7440893688934
SC35,3,2023-12-09,1517.0734921919252,1027.4028363946322,2006.7441479892182
SC35,3,2023-12-10,1517.0734921919252,1027.4027777743142,2006.7442066095361
SC35,3,2023-12-11,1517.0734921919252,1027.4027191540035,2006.7442652298469
SC35,3,2023-12-12,1517.0734921919252,1027.4026605336996,2006.7443238501507
SC35,4,2023-11-08,1455.1999999999996,940.6498395106307,1969.7501604893685
SC35,4,2023-11-09,1455.1999999999996,940.6498395106307,1969.7501604893685
SC35,4,2023-11-10,1455.1999999999996,940.6498395106307,1969.7501604893685
SC35,4,2023-11-11,1455.1999999999996,940.6498395106307,1969.7501604893685
SC35,4,2023-11-12,1455.1999999999996,940.6498395106307,1969.7501604893685
SC35,4,2023-11-13,1455.1999999999996,940.6498395106307,1969.7501604893685
SC35,4,2023-11-14,1455.1999999999996,940.6498395106307,1969.7501604893685
SC35,4,2023-11-15,1455.1999999999996,940.6498395106307,1969.7501604893685
SC35,4,2023-11-16,1455.1999999999996,940.6498395106307,1969.7501604893685
SC35,4,2023-11-17,1455.1999999999996,940.6498395106307,1969.7501604893685
SC35,4,2023-11-18,1455.1999999999996,940.6498395106307,1969.7501604893685
SC35,4,2023-11-19,1455.1999999999996,940.6498395106307,1969.7501604893685
SC35,4,2023-11-20,1455.1999999999996,940.6498395106307,1969.7501604893685
SC35,4,2023-11-21,1455.1999999999996,940.6498395106307,1969.7501604893685
SC35,4,2023-11-22,1455.1999999999996,940.6498395106307,1969.7501604893685
SC35,4,2023-11-23,1455.1999999999996,940.6498395106307,1969.7501604893685
SC35,4,2023-11-24,1455.1999999999996,940.6498395106307,1969.7501604893685
SC35,4,2023-11-25,1455.1999999999996,940.6498395106307,1969.7501604893685
SC35,4,2023-11-26,1455.1999999999996,940.6498395106307,1969.7501604893685
SC35,4,2023-11-27,1455.1999999999996,940.6498395106307,1969.7501604893685
SC35,4,2023-11-28,1455.1999999999996,940.6498395106307,1969.7501604893685
SC35,4,2023-11-29,1455.1999999999996,940.6498395106307,1969.7501604893685
SC35,4,2023-11-30,1455.1999999999996,940.6498395106307,1969.7501604893685
SC35,4,2023-12-01,1455.1999999999996,940.6498395106307,1969.7501604893685
SC35,4,2023-12-02,1455.1999999999996,940.6498395106307,1969.7501604893685
SC35,4,2023-12-03,1455.1999999999996,940.6498395106307,1969.7501604893685
SC35,4,2023-12-04,1455.1999999999996,940.6498395106307,1969.7501604893685
SC35,4,2023-12-05,1455.1999999999996,940.6498395106307,1969.7501604893685
SC35,4,2023-12-06,1455.1999999999996,940.6498395106307,1969.7501604893685
SC35,4,2023-12-07,1455.1999999999996,940.6498395106307,1969.7501604893685
SC35,5,2023-11-07,1582.9022003784953,726.132735428026,2439.6716653289645
SC35,5,2023-11-08,1574.8114434032814,716.4982432473329,2433.1246435592298
SC35,5,2023-11-09,1566.7206864280674,705.6721974894479,2427.769175366687
SC35,5,2023-11-10,1558.6299294528535,693.4847840426572,2423.7750748630497
SC35,5,2023-11-11,1550.5391724776396,679.7752717199738,2421.3030732353054
SC35,5,2023-11-12,1542.4484155024256,664.394431204296,2420.5023998005554
SC35,5,2023-11-13,1534.3576585272117,647.206846999158,2421.508470055265
SC35,5,2023-11-14,1526.2669015519978,628.092968311553,2424.4408347924427
SC35,5,2023-11-15,1518.1761445767838,606.9507555836375,2429.40153356993
SC35,5,2023-11-16,1510.08538760157,583.6968069806212,2436.4739682225186
SC35,5,2023-11-17,1501.994630626356,558.2668907771563,2445.7223704755556
SC35,5,2023-11-18,1493.903873651142,530.615859688355,2457.191887613929
SC35,5,2023-11-19,1485.813116675928,500.7169745222384,2470.909258829618
SC35,5,2023-11-20,1477.7223597007142,468.5607098067403,2486.884009594688
SC35,5,2023-11-21,1469.6316027255002,434.1531475334009,2505.1100579175995
SC35,5,2023-11-22,1461.5408457502863,397.51408374302287,2525.56760775755
SC35,5,2023-11-23,1453.4500887750723,358.6749761380636,2548.2252014120813
SC35,5,2023-11-24,1445.3593317998584,317.676851470015,2573.0418121297016
SC35,5,2023-11-25,1437.2685748246445,274.5682728642246,2599.9688767850644
SC35,5,2023-11-26,1429.1778178494305,229.4034437323469,2628.952191966514
SC35,5,2023-11-27,1421.0870608742166,182.24050031833326,2659.9336214301
SC35,5,2023-11-28,1412.9963038990027,133.14002214355833,2692.852585654447
SC35,5,2023-11-29,1404.9055469237887,82.1637704753623,2727.6473233722154
SC35,5,2023-11-30,1396.8147899485748,29.373650238694154,2764.2559296584554
SC35,5,2023-12-01,1388.7240329733609,-25.169119463179186,2802.617185409901
SC35,5,2023-12-02,1380.633275998147,-81.40464734730836,2842.671199343602
SC35,5,2023-12-03,1372.542519022933,-139.27484867788507,2884.359886723751
SC35,5,2023-12-04,1364.451762047719,-198.72378560592415,2927.6273097013623
SC35,5,2023-12-05,1356.3610050725051,-259.6978930287719,2972.419903173782
SC35,5,2023-12-06,1348.2702480972912,-322.1461118748807,3018.686608069463
SC35,6,2023-11-25,213.6747452206453,-533.1213041238631,960.4707945651536
SC35,6,2023-11-26,213.6747452206453,-533.122460062142,960.4719505034325
SC35,6,2023-11-27,213.6747452206453,-533.1236159986316,960.4731064399222
SC35,6,2023-11-28,213.6747452206453,-533.1247719333321,960.4742623746226
SC35,6,2023-11-29,213.6747452206453,-533.1259278662433,960.4754183075338
SC35,6,2023-11-30,213.6747452206453,-533.1270837973655,960.476574238656
SC35,6,2023-12-01,213.6747452206453,-533.1282397266982,960.4777301679887
SC35,6,2023-12-02,213.6747452206453,-533.1293956542419,960.4788860955324
SC35,6,2023-12-03,213.6747452206453,-533.1305515799964,960.480042021287
SC35,6,2023-12-04,213.6747452206453,-533.1317075039616,960.4811979452521
SC35,6,2023-12-05,213.6747452206453,-533.1328634261378,960.4823538674283
SC35,6,2023-12-06,213.6747452206453,-533.1340193465248,960.4835097878154
SC35,6,2023-12-07,213.6747452206453,-533.1351752651226,960.4846657064131
SC35,6,2023-12-08,213.6747452206453,-533.1363311819314,960.4858216232219
SC35,6,2023-12-09,213.6747452206453,-533.1374870969508,960.4869775382414
SC35,6,2023-12-10,213.6747452206453,-533.1386430101813,960.4881334514719
SC35,6,2023-12-11,213.6747452206453,-533.1397989216226,960.4892893629132
SC35,6,2023-12-12,213.6747452206453,-533.1409548312749,960.4904452725655
SC35,6,2023-12-13,213.6747452206453,-533.142110739138,960.4916011804286
SC35,6,2023-12-14,213.6747452206453,-533.1432666452122,960.4927570865027
SC35,6,2023-12-15,213.6747452206453,-533.1444225494971,960.4939129907876
SC35,6,2023-12-16,213.6747452206453,-533.145578451993,960.4950688932835
SC35,6,2023-12-17,213.6747452206453,-533.1467343526998,960.4962247939903
SC35,6,2023-12-18,213.6747452206453,-533.1478902516177,960.4973806929082
SC35,6,2023-12-19,213.6747452206453,-533.1490461487464,960.4985365900369
SC35,6,2023-12-20,213.6747452206453,-533.1502020440861,960.4996924853766
SC35,6,2023-12-21,213.6747452206453,-533.1513579376368,960.5008483789273
SC35,6,2023-12-22,213.6747452206453,-533.1525138293985,960.502004270689
SC35,6,2023-12-23,213.6747452206453,-533.153669719371,960.5031601606615
SC35,6,2023-12-24,213.6747452206453,-533.1548256075547,960.5043160488452
SC35,7,2023-11-09,117.03339968643175,-402.72959593661597,636.7963953094794
SC35,7,2023-11-10,117.03339968643175,-402.72959593661597,636.7963953094794
SC35,7,2023-11-11,117.03339968643175,-402.72959593661597,636.7963953094794
SC35,7,2023-11-12,117.03339968643175,-402.72959593661597,636.7963953094794
SC35,7,2023-11-13,117.03339968643175,-402.72959593661597,636.7963953094794
SC35,7,2023-11-14,117.03339968643175,-402.72959593661597,636.7963953094794
SC35,7,2023-11-15,117.03339968643175,-402.72959593661597,636.7963953094794
SC35,7,2023-11-16,117.03339968643175,-402.72959593661597,636.7963953094794
SC35,7,2023-11-17,117.03339968643175,-402.72959593661597,636.7963953094794
SC35,7,2023-11-18,117.03339968643175,-402.72959593661597,636.7963953094794
SC35,7,2023-11-19,117.03339968643175,-402.72959593661597,636.7963953094794
SC35,7,2023-11-20,117.03339968643175,-402.72959593661597,636.7963953094794
SC35,7,2023-11-21,117.03339968643175,-402.72959593661597,636.7963953094794
SC35,7,2023-11-22,117.03339968643175,-402.72959593661597,636.7963953094794
SC35,7,2023-11-23,117.03339968643175,-402.72959593661597,636.7963953094794
SC35,7,2023-11-24,117.03339968643175,-402.72959593661597,636.7963953094794
SC35,7,2023-11-25,117.03339968643175,-402.72959593661597,636.7963953094794
SC35,7,2023-11-26,117.03339968643175,-402.72959593661597,636.7963953094794
SC35,7,2023-11-27,117.03339968643175,-402.72959593661597,636.7963953094794
SC35,7,2023-11-28,117.03339968643175,-402.72959593661597,636.7963953094794
SC35,7,2023-11-29,117.03339968643175,-402.72959593661597,636.7963953094794
SC35,7,2023-11-30,117.03339968643175,-402.72959593661597,636.7963953094794
SC35,7,2023-12-01,117.03339968643175,-402.72959593661597,636.7963953094794
SC35,7,2023-12-02,117.03339968643175,-402.72959593661597,636.7963953094794
SC35,7,2023-12-03,117.03339968643175,-402.72959593661597,636.7963953094794
SC35,7,2023-12-04,117.03339968643175,-402.72959593661597,636.7963953094794
SC35,7,2023-12-05,117.03339968643175,-402.72959593661597,636.7963953094794
SC35,7,2023-12-06,117.03339968643175,-402.72959593661597,636.7963953094794
SC35,7,2023-12-07,117.03339968643175,-402.72959593661597,636.7963953094794
SC35,7,2023-12-08,117.03339968643175,-402.72959593661597,636.7963953094794
SC35,8,2023-12-01,1148.5332758547333,505.5683109531949,1791.4982407562718
SC35,8,2023-12-02,1148.5332758547333,505.5683109531949,1791.4982407562718
SC35,8,2023-12-03,1148.5332758547333,505.5683109531949,1791.4982407562718
SC35,8,2023-12-04,1148.5332758547333,505.5683109531949,1791.4982407562718
SC35,8,2023-12-05,1148.5332758547333,505.5683109531949,1791.4982407562718
SC35,8,2023-12-06,1148.5332758547333,505.5683109531949,1791.4982407562718
SC35,8,2023-12-07,1148.5332758547333,505.5683109531949,1791.4982407562718
SC35,8,2023-12-08,1148.5332758547333,505.5683109531949,1791.4982407562718
SC35,8,2023-12-09,1148.5332758547333,505.5683109531949,1791.4982407562718
SC35,8,2023-12-10,1148.5332758547333,505.5683109531949,1791.4982407562718
SC35,8,2023-12-11,1148.5332758547333,505.5683109531949,1791.4982407562718
SC35,8,2023-12-12,1148.5332758547333,505.5683109531949,1791.4982407562718
SC35,8,2023-12-13,1148.5332758547333,505.5683109531949,1791.4982407562718
SC35,8,2023-12-14,1148.5332758547333,505.5683109531949,1791.4982407562718
SC35,8,2023-12-15,1148.5332758547333,505.5683109531949,1791.4982407562718
SC35,8,2023-12-16,1148.5332758547333,505.5683109531949,1791.4982407562718
SC35,8,2023-12-17,1148.5332758547333,505.5683109531949,1791.4982407562718
SC35,8,2023-12-18,1148.5332758547333,505.5683109531949,1791.4982407562718
SC35,8,2023-12-19,1148.5332758547333,505.5683109531949,1791.4982407562718
SC35,8,2023-12-20,1148.5332758547333,505.5683109531949,1791.4982407562718
SC35,8,2023-12-21,1148.5332758547333,505.5683109531949,1791.4982407562718
SC35,8,2023-12-22,1148.5332758547333,505.5683109531949,1791.4982407562718
SC35,8,2023-12-23,1148.5332758547333,505.5683109531949,1791.4982407562718
SC35,8,2023-12-24,1148.5332758547333,505.5683109531949,1791.4982407562718
SC35,8,2023-12-25,1148.5332758547333,505.5683109531949,1791.4982407562718
SC35,8,2023-12-26,1148.5332758547333,505.5683109531949,1791.4982407562718
SC35,8,2023-12-27,1148.5332758547333,505.5683109531949,1791.4982407562718
SC35,8,2023-12-28,1148.5332758547333,505.5683109531949,1791.4982407562718
SC35,8,2023-12-29,1148.5332758547333,505.5683109531949,1791.4982407562718
SC35,8,2023-12-30,1148.5332758547333,505.5683109531949,1791.4982407562718
SC35,9,2023-11-17,1613.9925898084593,1193.8701632884508,2034.1150163284678
SC35,9,2023-11-18,1608.642219473534,1187.282045862773,2030.002393084295
SC35,9,2023-11-19,1603.2918491386085,1179.9324769175446,2026.6512213596725
SC35,9,2023-11-20,1597.9414788036831,1171.6984156299673,2024.184541977399
SC35,9,2023-11-21,1592.5911084687577,1162.465106364174,2022.7171105733414
SC35,9,2023-11-22,1587.2407381338323,1152.1282772596605,2022.3531990080041
SC35,9,2023-11-23,1581.890367798907,1140.5961508862981,2023.1845847115158
SC35,9,2023-11-24,1576.5399974639815,1127.7910880320344,2025.2889068959287
SC35,9,2023-11-25,1571.1896271290561,1113.6507147644247,2028.7285394936875
SC35,9,2023-11-26,1565.8392567941307,1098.1284348890345,2033.550078699227
SC35,9,2023-11-27,1560.4888864592053,1081.1932963202605,2039.7844765981501
SC35,9,2023-11-28,1555.13851612428,1062.8292485509487,2047.4477836976112
SC35,9,2023-11-29,1549.7881457893545,1043.0338870255264,2056.5424045531827
SC35,9,2023-11-30,1544.4377754544291,1021.8168196470821,2067.0587312617763
SC35,9,2023-12-01,1539.0874051195037,999.1978069867018,2078.9770032523056
SC35,9,2023-12-02,1533.7370347845783,975.2048225025994,2092.269247066557
SC35,9,2023-12-03,1528.386664449653,949.872157617647,2106.901171281659
SC35,9,2023-12-04,1523.0362941147275,923.2386659435958,2122.8339222858594
SC35,9,2023-12-05,1517.6859237798021,895.3462080273888,2140.0256395322153
SC35,9,2023-12-06,1512.3355534448767,866.238327822756,2158.4327790669977
SC35,9,2023-12-07,1506.9851831099513,835.9591676430241,2178.0111985768785
SC35,9,2023-12-08,1501.634812775026,804.5526107030345,2198.7170148470173
SC35,9,2023-12-09,1496.2844424401005,772.0616292084036,2220.5072556717973
SC35,9,2023-12-10,1490.9340721051751,738.5278102194865,2243.3403339908637
SC35,9,2023-12-11,1485.5837017702497,703.9910298390785,2267.1763737014207
SC35,9,2023-12-12,1480.2333314353243,668.4892473222006,2291.977415548448
SC35,9,2023-12-13,1474.882961100399,632.058393372619,2317.707528828179
SC35,9,2023-12-14,1469.5325907654735,594.7323303360497,2344.3328511948976
SC35,9,2023-12-15,1464.182220430548,556.5428656477446,2371.8215752133515
SC35,9,2023-12-16,1458.8318500956227,517.5198033824873,2400.143896808758
SC35,10,2023-11-06,1732.1452293530447,1440.731472236943,2023.5589864691462
SC35,10,2023-11-07,1600.882008357972,1299.846130068613,1901.9178866473308
SC35,10,2023-11-08,1546.439044692964,1184.9642872703466,1907.9138021155813
SC35,10,2023-11-09,1546.439044692964,1184.9642872703466,1907.9138021155813
SC35,10,2023-11-10,1546.439044692964,1184.9642872703466,1907.9138021155813
SC35,10,2023-11-11,1546.439044692964,1184.9642872703466,1907.9138021155813
SC35,10,2023-11-12,1546.439044692964,1184.9642872703466,1907.9138021155813
SC35,10,2023-11-13,1546.439044692964,1184.9642872703466,1907.9138021155813
SC35,10,2023-11-14,1546.439044692964,1184.9642872703466,1907.9138021155813
SC35,10,2023-11-15,1546.439044692964,1184.9642872703466,1907.9138021155813
SC35,10,2023-11-16,1546.439044692964,1184.9642872703466,1907.9138021155813
SC35,10,2023-11-17,1546.439044692964,1184.9642872703466,1907.9138021155813
SC35,10,2023-11-18,1546.439044692964,1184.9642872703466,1907.9138021155813
SC35,10,2023-11-19,1546.439044692964,1184.9642872703466,1907.9138021155813
SC35,10,2023-11-20,1546.439044692964,1184.9642872703466,1907.9138021155813
SC35,10,2023-11-21,1546.439044692964,1184.9642872703466,1907.9138021155813
SC35,10,2023-11-22,1546.439044692964,1184.9642872703466,1907.9138021155813
SC35,10,2023-11-23,1546.439044692964,1184.9642872703466,1907.9138021155813
SC35,10,2023-11-24,1546.439044692964,1184.9642872703466,1907.9138021155813
SC35,10,2023-11-25,1546.439044692964,1184.9642872703466,1907.9138021155813
SC35,10,2023-11-26,1546.439044692964,1184.9642872703466,1907.9138021155813
SC35,10,2023-11-27,1546.439044692964,1184.9642872703466,1907.9138021155813
SC35,10,2023-11-28,1546.439044692964,1184.9642872703466,1907.9138021155813
SC35,10,2023-11-29,1546.439044692964,1184.9642872703466,1907.9138021155813
SC35,10,2023-11-30,1546.439044692964,1184.9642872703466,1907.9138021155813
SC35,10,2023-12-01,1546.439044692964,1184.9642872703466,1907.9138021155813
SC35,10,2023-12-02,1546.439044692964,1184.9642872703466,1907.9138021155813
SC35,10,2023-12-03,1546.439044692964,1184.9642872703466,1907.9138021155813
SC35,10,2023-12-04,1546.439044692964,1184.9642872703466,1907.9138021155813
SC35,10,2023-12-05,1546.439044692964,1184.9642872703466,1907.9138021155813
SC35,11,2023-11-15,1565.466658357744,946.2306441938332,2184.702672521655
SC35,11,2023-11-16,1565.466658357744,946.2306441938332,2184.702672521655
SC35,11,2023-11-17,1565.466658357744,946.2306441938332,2184.702672521655
SC35,11,2023-11-18,1565.466658357744,946.2306441938332,2184.702672521655
SC35,11,2023-11-19,1565.466658357744,946.2306441938332,2184.702672521655
SC35,11,2023-11-20,1565.466658357744,946.2306441938332,2184.702672521655
SC35,11,2023-11-21,1565.466658357744,946.2306441938332,2184.702672521655
SC35,11,2023-11-22,1565.466658357744,946.2306441938332,2184.702672521655
SC35,11,2023-11-23,1565.466658357744,946.2306441938332,2184.702672521655
SC35,11,2023-11-24,1565.466658357744,946.2306441938332,2184.702672521655
SC35,11,2023-11-25,1565.466658357744,946.2306441938332,2184.702672521655
SC35,11,2023-11-26,1565.466658357744,946.2306441938332,2184.702672521655
SC35,11,2023-11-27,1565.466658357744,946.2306441938332,2184.702672521655
SC35,11,2023-11-28,1565.466658357744,946.2306441938332,2184.702672521655
SC35,11,2023-11-29,1565.466658357744,946.2306441938332,2184.702672521655
SC35,11,2023-11-30,1565.466658357744,946.2306441938332,2184.702672521655
SC35,11,2023-12-01,1565.466658357744,946.2306441938332,2184.702672521655
SC35,11,2023-12-02,1565.466658357744,946.2306441938332,2184.702672521655
SC35,11,2023-12-03,1565.466658357744,946.2306441938332,2184.702672521655
SC35,11,2023-12-04,1565.466658357744,946.2306441938332,2184.702672521655
SC35,11,2023-12-05,1565.466658357744,946.2306441938332,2184.702672521655
SC35,11,2023-12-06,1565.466658357744,946.2306441938332,2184.702672521655
SC35,11,2023-12-07,1565.466658357744,946.2306441938332,2184.702672521655
SC35,11,2023-12-08,1565.466658357744,946.2306441938332,2184.702672521655
SC35,11,2023-12-09,1565.466658357744,946.2306441938332,2184.702672521655
SC35,11,2023-12-10,1565.466658357744,946.2306441938332,2184.702672521655
SC35,11,2023-12-11,1565.466658357744,946.2306441938332,2184.702672521655
SC35,11,2023-12-12,1565.466658357744,946.2306441938332,2184.702672521655
SC35,11,2023-12-13,1565.466658357744,946.2306441938332,2184.702672521655
SC35,11,2023-12-14,1565.466658357744,946.2306441938332,2184.702672521655
SC35,12,2023-11-07,1119.8100342311932,471.7747185953698,1767.8453498670165
SC35,12,2023-11-08,866.6144064515976,193.54043123389158,1539.6883816693035
SC35,12,2023-11-09,1056.0358092399438,184.29863093921676,1927.7729875406708
SC35,12,2023-11-10,912.8460872388073,-7.188922174339837,1832.8810966519545
SC35,12,2023-11-11,1019.6019224426665,-32.37315968610949,2071.5770045714426
SC35,12,2023-11-12,938.5324658555301,-175.53851745867382,2052.6034491697337
SC35,12,2023-11-13,998.6071073306716,-220.05176846398967,2217.265983125333
SC35,12,2023-11-14,952.61692533155,-335.2406821532875,2240.474532816387
SC35,12,2023-11-15,986.3307262340926,-392.6950228774991,2365.3564753456844
SC35,12,2023-11-16,960.1497884070668,-491.3487151980969,2411.6482920122307
SC35,12,2023-11-17,978.9776393115807,-556.4185140015262,2514.3737926246877
SC35,12,2023-11-18,963.9829691391257,-645.1535339659775,2573.1194722442287
SC35,12,2023-11-19,974.4047334951649,-714.3982667062123,2663.207733696542
SC35,12,2023-11-20,965.7269415918951,-797.0908164971723,2728.5446996809624
SC35,12,2023-11-21,971.4017941908878,-868.4661210920349,2811.2697094738105
SC35,12,2023-11-22,966.2911394507807,-947.405035000693,2879.9873139022548
SC35,12,2023-11-23,969.2854139830066,-1019.7500486325251,2958.3208765985382
SC35,12,2023-11-24,966.1891193427116,-1096.2975569897146,3028.675795675138
SC35,12,2023-11-25,967.6696731361086,-1168.9771134024104,3104.3164596746274
SC35,12,2023-11-26,965.710886370088,-1243.9524529034477,3175.3742256436235
SC35,12,2023-11-27,966.3366430197018,-1316.6337728377505,3249.3070588771543
SC35,12,2023-11-28,965.0202062308066,-1390.536774196829,3320.5771866584423
SC35,12,2023-11-29,965.163259473988,-1463.056706061695,3393.383225009671
SC35,12,2023-11-30,964.2095573108869,-1536.1982798448785,3464.617394466652
SC35,12,2023-12-01,964.0800282457673,-1608.4864946516473,3536.6465511431816
SC35,12,2023-12-02,963.3311620964214,-1681.0648865700064,3607.727210762849
SC35,12,2023-12-03,963.0477059742134,-1753.100290189118,3679.1957021375447
SC35,12,2023-12-04,962.4145105922755,-1825.2457634510845,3750.0747846356353
SC35,12,2023-12-05,962.0441319582892,-1897.0321808152607,3821.120444731839
SC35,12,2023-12-06,961.4762557855447,-1968.833320349584,3891.7858319206734
SC35,13,2023-11-08,360.7336784207254,-109.95266555351691,831.4200223949678
SC35,13,2023-11-09,326.0965146677239,-204.09274330527,856.2857726407178
SC35,13,2023-11-10,326.0965146677239,-204.09274330527,856.2857726407178
SC35,13,2023-11-11,326.0965146677239,-204.09274330527,856.2857726407178
SC35,13,2023-11-12,326.0965146677239,-204.09274330527,856.2857726407178
SC35,13,2023-11-13,326.0965146677239,-204.09274330527,856.2857726407178
SC35,13,2023-11-14,326.0965146677239,-204.09274330527,856.2857726407178
SC35,13,2023-11-15,326.0965146677239,-204.09274330527,856.2857726407178
SC35,13,2023-11-16,326.0965146677239,-204.09274330527,856.2857726407178
SC35,13,2023-11-17,326.0965146677239,-204.09274330527,856.2857726407178
SC35,13,2023-11-18,326.0965146677239,-204.09274330527,856.2857726407178
SC35,13,2023-11-19,326.0965146677239,-204.09274330527,856.2857726407178
SC35,13,2023-11-20,326.0965146677239,-204.09274330527,856.2857726407178
SC35,13,2023-11-21,326.0965146677239,-204.09274330527,856.2857726407178
SC35,13,2023-11-22,326.0965146677239,-204.09274330527,856.2857726407178
SC35,13,2023-11-23,326.0965146677239,-204.09274330527,856.2857726407178
SC35,13,2023-11-24,326.0965146677239,-204.09274330527,856.2857726407178
SC35,13,2023-11-25,326.0965146677239,-204.09274330527,856.2857726407178
SC35,13,2023-11-26,326.0965146677239,-204.09274330527,856.2857726407178
SC35,13,2023-11-27,326.0965146677239,-204.09274330527,856.2857726407178
SC35,13,2023-11-28,326.0965146677239,-204.09274330527,856.2857726407178
SC35,13,2023-11-29,326.0965146677239,-204.09274330527,856.2857726407178
SC35,13,2023-11-30,326.0965146677239,-204.09274330527,856.2857726407178
SC35,13,2023-12-01,326.0965146677239,-204.09274330527,856.2857726407178
SC35,13,2023-12-02,326.0965146677239,-204.09274330527,856.2857726407178
SC35,13,2023-12-03,326.0965146677239,-204.09274330527,856.2857726407178
SC35,13,2023-12-04,326.0965146677239,-204.09274330527,856.2857726407178
SC35,13,2023-12-05,326.0965146677239,-204.09274330527,856.2857726407178
SC35,13,2023-12-06,326.0965146677239,-204.09274330527,856.2857726407178
SC35,13,2023-12-07,326.0965146677239,-204.09274330527,856.2857726407178
SC35,14,2023-11-28,247.46665890453073,-96.59581363336684,591.5291314424283
SC35,14,2023-11-29,247.46665890453073,-96.59581363336684,591.5291314424283
SC35,14,2023-11-30,247.46665890453073,-96.59581363336684,591.5291314424283
SC35,14,2023-12-01,247.46665890453073,-96.59581363336684,591.5291314424283
SC35,14,2023-12-02,247.46665890453073,-96.59581363336684,591.5291314424283
SC35,14,2023-12-03,247.46665890453073,-96.59581363336684,591.5291314424283
SC35,14,2023-12-04,247.46665890453073,-96.59581363336684,591.5291314424283
SC35,14,2023-12-05,247.46665890453073,-96.59581363336684,591.5291314424283
SC35,14,2023-12-06,247.46665890453073,-96.59581363336684,591.5291314424283
SC35,14,2023-12-07,247.46665890453073,-96.59581363336684,591.5291314424283
SC35,14,2023-12-08,247.46665890453073,-96.59581363336684,591.5291314424283
SC35,14,2023-12-09,247.46665890453073,-96.59581363336684,591.5291314424283
SC35,14,2023-12-10,247.46665890453073,-96.59581363336684,591.5291314424283
SC35,14,2023-12-11,247.46665890453073,-96.59581363336684,591.5291314424283
SC35,14,2023-12-12,247.46665890453073,-96.59581363336684,591.5291314424283
SC35,14,2023-12-13,247.46665890453073,-96.59581363336684,591.5291314424283
SC35,14,2023-12-14,247.46665890453073,-96.59581363336684,591.5291314424283
SC35,14,2023-12-15,247.46665890453073,-96.59581363336684,591.5291314424283
SC35,14,2023-12-16,247.46665890453073,-96.59581363336684,591.5291314424283
SC35,14,2023-12-17,247.46665890453073,-96.59581363336684,591.5291314424283
SC35,14,2023-12-18,247.46665890453073,-96.59581363336684,591.5291314424283
SC35,14,2023-12-19,247.46665890453073,-96.59581363336684,591.5291314424283
SC35,14,2023-12-20,247.46665890453073,-96.59581363336684,591.5291314424283
SC35,14,2023-12-21,247.46665890453073,-96.59581363336684,591.5291314424283
SC35,14,2023-12-22,247.46665890453073,-96.59581363336684,591.5291314424283
SC35,14,2023-12-23,247.46665890453073,-96.59581363336684,591.5291314424283
SC35,14,2023-12-24,247.46665890453073,-96.59581363336684,591.5291314424283
SC35,14,2023-12-25,247.46665890453073,-96.59581363336684,591.5291314424283
SC35,14,2023-12-26,247.46665890453073,-96.59581363336684,591.5291314424283
SC35,14,2023-12-27,247.46665890453073,-96.59581363336684,591.5291314424283
SC35,15,2023-11-07,40.20620220847661,-688.142077711577,768.5544821285303
SC35,15,2023-11-08,26.571271638305063,-704.0050807586156,757.1476240352256
SC35,15,2023-11-09,12.936341068133515,-721.2126761378792,747.0853582741462
SC35,15,2023-11-10,-0.6985895020380326,-739.9860678788145,738.5888888747384
SC35,15,2023-11-11,-14.33352007220958,-760.5313730678495,731.8643329234303
SC35,15,2023-11-12,-27.96845064238113,-783.0356001924602,727.0986989076978
SC35,15,2023-11-13,-41.60338121255268,-807.6629805265527,724.4562181014473
SC35,15,2023-11-14,-55.238311782724224,-834.5519870142934,724.0753634488449
SC35,15,2023-11-15,-68.87324235289577,-863.8133186532459,726.0668339474544
SC35,15,2023-11-16,-82.50817292306732,-895.5290285539893,730.5126827078545
SC35,15,2023-11-17,-96.14310349323887,-929.752847452319,737.4666404658412
SC35,15,2023-11-18,-109.77803406341042,-966.5116250820911,746.9555569552701
SC35,15,2023-11-19,-123.41296463358196,-1005.8077030771295,758.9817738099656
SC35,15,2023-11-20,-137.0478952037535,-1047.621961963893,773.5261715563859
SC35,15,2023-11-21,-150.68282577392506,-1091.9172579547649,790.5516064069149
SC35,15,2023-11-22,-164.3177563440966,-1138.6419789241481,810.0064662359548
SC35,15,2023-11-23,-177.95268691426816,-1187.7334921783104,831.8281183497741
SC35,15,2023-11-24,-191.5876174844397,-1239.121315613771,855.9460806448915
SC35,15,2023-11-25,-205.22254805461125,-1292.7299058641872,882.2848097549647
SC35,15,2023-11-26,-218.8574786247828,-1348.4810127605374,910.7660555109719
SC35,15,2023-11-27,-232.49240919495435,-1406.2955936939452,941.3107753040364
SC35,15,2023-11-28,-246.1273397651259,-1466.0953126902848,973.8406331600329
SC35,15,2023-11-29,-259.76227033529744,-1527.80366808858,1008.2791274179851
SC35,15,2023-11-30,-273.397200905469,-1591.346801904005,1044.552400093067
SC35,15,2023-12-01,-287.03213147564054,-1656.654045912148,1082.589782960867
SC35,15,2023-12-02,-300.6670620458121,-1723.658256708298,1122.3241326166738
SC35,15,2023-12-03,-314.30199261598364,-1792.295986511842,1163.6920012798748
SC35,15,2023-12-04,-327.9369231861552,-1862.5075298034615,1206.6336834311512
SC35,15,2023-12-05,-341.57185375632673,-1934.2368790095966,1251.093171496943
SC35,15,2023-12-06,-355.2067843264983,-2007.431615994119,1297.0180473411224
SC35,16,2023-11-19,247.1999963193346,-335.82968043948426,830.2296730781534
SC35,16,2023-11-20,247.1999963193346,-335.82968043948426,830.2296730781534
SC35,16,2023-11-21,247.1999963193346,-335.82968043948426,830.2296730781534
SC35,16,2023-11-22,247.1999963193346,-335.82968043948426,830.2296730781534
SC35,16,2023-11-23,247.1999963193346,-335.82968043948426,830.2296730781534
SC35,16,2023-11-24,247.1999963193346,-335.82968043948426,830.2296730781534
SC35,16,2023-11-25,247.1999963193346,-335.82968043948426,830.2296730781534
SC35,16,2023-11-26,247.1999963193346,-335.82968043948426,830.2296730781534
SC35,16,2023-11-27,247.1999963193346,-335.82968043948426,830.2296730781534
SC35,16,2023-11-28,247.1999963193346,-335.82968043948426,830.2296730781534
SC35,16,2023-11-29,247.1999963193346,-335.82968043948426,830.2296730781534
SC35,16,2023-11-30,247.1999963193346,-335.82968043948426,830.2296730781534
SC35,16,2023-12-01,247.1999963193346,-335.82968043948426,830.2296730781534
SC35,16,2023-12-02,247.1999963193346,-335.82968043948426,830.2296730781534
SC35,16,2023-12-03,247.1999963193346,-335.82968043948426,830.2296730781534
SC35,16,2023-12-04,247.1999963193346,-335.82968043948426,830.2296730781534
SC35,16,2023-12-05,247.1999963193346,-335.82968043948426,830.2296730781534
SC35,16,2023-12-06,247.1999963193346,-335.82968043948426,830.2296730781534
SC35,16,2023-12-07,247.1999963193346,-335.82968043948426,830.2296730781534
SC35,16,2023-12-08,247.1999963193346,-335.82968043948426,830.2296730781534
SC35,16,2023-12-09,247.1999963193346,-335.82968043948426,830.2296730781534
SC35,16,2023-12-10,247.1999963193346,-335.82968043948426,830.2296730781534
SC35,16,2023-12-11,247.1999963193346,-335.82968043948426,830.2296730781534
SC35,16,2023-12-12,247.1999963193346,-335.82968043948426,830.2296730781534
SC35,16,2023-12-13,247.1999963193346,-335.82968043948426,830.2296730781534
SC35,16,2023-12-14,247.1999963193346,-335.82968043948426,830.2296730781534
SC35,16,2023-12-15,247.1999963193346,-335.82968043948426,830.2296730781534
SC35,16,2023-12-16,247.1999963193346,-335.82968043948426,830.2296730781534
SC35,16,2023-12-17,247.1999963193346,-335.82968043948426,830.2296730781534
SC35,16,2023-12-18,247.1999963193346,-335.82968043948426,830.2296730781534
SC35,17,2023-11-06,295.00038563436834,-592.3386910963709,1182.3394623651075
SC35,17,2023-11-07,295.00038563436834,-592.3386910963709,1182.3394623651075
SC35,17,2023-11-08,295.00038563436834,-592.3386910963709,1182.3394623651075
SC35,17,2023-11-09,295.00038563436834,-592.3386910963709,1182.3394623651075
SC35,17,2023-11-10,295.00038563436834,-592.3386910963709,1182.3394623651075
SC35,17,2023-11-11,295.00038563436834,-592.3386910963709,1182.3394623651075
SC35,17,2023-11-12,295.00038563436834,-592.3386910963709,1182.3394623651075
SC35,17,2023-11-13,295.00038563436834,-592.3386910963709,1182.3394623651075
SC35,17,2023-11-14,295.00038563436834,-592.3386910963709,1182.3394623651075
SC35,17,2023-11-15,295.00038563436834,-592.3386910963709,1182.3394623651075
SC35,17,2023-11-16,295.00038563436834,-592.3386910963709,1182.3394623651075
SC35,17,2023-11-17,295.00038563436834,-592.3386910963709,1182.3394623651075
SC35,17,2023-11-18,295.00038563436834,-592.3386910963709,1182.3394623651075
SC35,17,2023-11-19,295.00038563436834,-592.3386910963709,1182.3394623651075
SC35,17,2023-11-20,295.00038563436834,-592.3386910963709,1182.3394623651075
SC35,17,2023-11-21,295.00038563436834,-592.3386910963709,1182.3394623651075
SC35,17,2023-11-22,295.00038563436834,-592.3386910963709,1182.3394623651075
SC35,17,2023-11-23,295.00038563436834,-592.3386910963709,1182.3394623651075
SC35,17,2023-11-24,295.00038563436834,-592.3386910963709,1182.3394623651075
SC35,17,2023-11-25,295.00038563436834,-592.3386910963709,1182.3394623651075
SC35,17,2023-11-26,295.00038563436834,-592.3386910963709,1182.3394623651075
SC35,17,2023-11-27,295.00038563436834,-592.3386910963709,1182.3394623651075
SC35,17,2023-11-28,295.00038563436834,-592.3386910963709,1182.3394623651075
SC35,17,2023-11-29,295.00038563436834,-592.3386910963709,1182.3394623651075
SC35,17,2023-11-30,295.00038563436834,-592.3386910963709,1182.3394623651075
SC35,17,2023-12-01,295.00038563436834,-592.3386910963709,1182.3394623651075
SC35,17,2023-12-02,295.00038563436834,-592.3386910963709,1182.3394623651075
SC35,17,2023-12-03,295.00038563436834,-592.3386910963709,1182.3394623651075
SC35,17,2023-12-04,295.00038563436834,-592.3386910963709,1182.3394623651075
SC35,17,2023-12-05,295.00038563436834,-592.3386910963709,1182.3394623651075
SC35,18,2023-11-18,2082.866666666666,1480.1630907697593,2685.5702425635727
SC35,18,2023-11-19,2082.866666666666,1480.1630907697593,2685.5702425635727
SC35,18,2023-11-20,2082.866666666666,1480.1630907697593,2685.5702425635727
SC35,18,2023-11-21,2082.866666666666,1480.1630907697593,2685.5702425635727
SC35,18,2023-11-22,2082.866666666666,1480.1630907697593,2685.5702425635727
SC35,18,2023-11-23,2082.866666666666,1480.1630907697593,2685.5702425635727
SC35,18,2023-11-24,2082.866666666666,1480.1630907697593,2685.5702425635727
SC35,18,2023-11-25,2082.866666666666,1480.1630907697593,2685.5702425635727
SC35,18,2023-11-26,2082.866666666666,1480.1630907697593,2685.5702425635727
SC35,18,2023-11-27,2082.866666666666,1480.1630907697593,2685.5702425635727
SC35,18,2023-11-28,2082.866666666666,1480.1630907697593,2685.5702425635727
SC35,18,2023-11-29,2082.866666666666,1480.1630907697593,2685.5702425635727
SC35,18,2023-11-30,2082.866666666666,1480.1630907697593,2685.5702425635727
SC35,18,2023-12-01,2082.866666666666,1480.1630907697593,2685.5702425635727
SC35,18,2023-12-02,2082.866666666666,1480.1630907697593,2685.5702425635727
SC35,18,2023-12-03,2082.866666666666,1480.1630907697593,2685.5702425635727
SC35,18,2023-12-04,2082.866666666666,1480.1630907697593,2685.5702425635727
SC35,18,2023-12-05,2082.866666666666,1480.1630907697593,2685.5702425635727
SC35,18,2023-12-06,2082.866666666666,1480.1630907697593,2685.5702425635727
SC35,18,2023-12-07,2082.866666666666,1480.1630907697593,2685.5702425635727
SC35,18,2023-12-08,2082.866666666666,1480.1630907697593,2685.5702425635727
SC35,18,2023-12-09,2082.866666666666,1480.1630907697593,2685.5702425635727
SC35,18,2023-12-10,2082.866666666666,1480.1630907697593,2685.5702425635727
SC35,18,2023-12-11,2082.866666666666,1480.1630907697593,2685.5702425635727
SC35,18,2023-12-12,2082.866666666666,1480.1630907697593,2685.5702425635727
SC35,18,2023-12-13,2082.866666666666,1480.1630907697593,2685.5702425635727
SC35,18,2023-12-14,2082.866666666666,1480.1630907697593,2685.5702425635727
SC35,18,2023-12-15,2082.866666666666,1480.1630907697593,2685.5702425635727
SC35,18,2023-12-16,2082.866666666666,1480.1630907697593,2685.5702425635727
SC35,18,2023-12-17,2082.866666666666,1480.1630907697593,2685.5702425635727
SC35,19,2023-11-23,2774.0333748814755,2214.5328524911015,3333.5338972718496
SC35,19,2023-11-24,2774.0333748814755,2214.5328524911015,3333.5338972718496
SC35,19,2023-11-25,2774.0333748814755,2214.5328524911015,3333.5338972718496
SC35,19,2023-11-26,2774.0333748814755,2214.5328524911015,3333.5338972718496
SC35,19,2023-11-27,2774.0333748814755,2214.5328524911015,3333.5338972718496
SC35,19,2023-11-28,2774.0333748814755,2214.5328524911015,3333.5338972718496
SC35,19,2023-11-29,2774.0333748814755,2214.5328524911015,3333.5338972718496
SC35,19,2023-11-30,2774.0333748814755,2214.5328524911015,3333.5338972718496
SC35,19,2023-12-01,2774.0333748814755,2214.5328524911015,3333.5338972718496
SC35,19,2023-12-02,2774.0333748814755,2214.5328524911015,3333.5338972718496
SC35,19,2023-12-03,2774.0333748814755,2214.5328524911015,3333.5338972718496
SC35,19,2023-12-04,2774.0333748814755,2214.5328524911015,3333.5338972718496
SC35,19,2023-12-05,2774.0333748814755,2214.5328524911015,3333.5338972718496
SC35,19,2023-12-06,2774.0333748814755,2214.5328524911015,3333.5338972718496
SC35,19,2023-12-07,2774.0333748814755,2214.5328524911015,3333.5338972718496
SC35,19,2023-12-08,2774.0333748814755,2214.5328524911015,3333.5338972718496
SC35,19,2023-12-09,2774.0333748814755,2214.5328524911015,3333.5338972718496
SC35,19,2023-12-10,2774.0333748814755,2214.5328524911015,3333.5338972718496
SC35,19,2023-12-11,2774.0333748814755,2214.5328524911015,3333.5338972718496
SC35,19,2023-12-12,2774.0333748814755,2214.5328524911015,3333.5338972718496
SC35,19,2023-12-13,2774.0333748814755,2214.5328524911015,3333.5338972718496
SC35,19,2023-12-14,2774.0333748814755,2214.5328524911015,3333.5338972718496
SC35,19,2023-12-15,2774.0333748814755,2214.5328524911015,3333.5338972718496
SC35,19,2023-12-16,2774.0333748814755,2214.5328524911015,3333.5338972718496
SC35,19,2023-12-17,2774.0333748814755,2214.5328524911015,3333.5338972718496
SC35,19,2023-12-18,2774.0333748814755,2214.5328524911015,3333.5338972718496
SC35,19,2023-12-19,2774.0333748814755,2214.5328524911015,3333.5338972718496
SC35,19,2023-12-20,2774.0333748814755,2214.5328524911015,3333.5338972718496
SC35,19,2023-12-21,2774.0333748814755,2214.5328524911015,3333.5338972718496
SC35,19,2023-12-22,2774.0333748814755,2214.5328524911015,3333.5338972718496
SC35,20,2023-11-14,2945.800003905071,2451.581740328109,3440.0182674820335
SC35,20,2023-11-15,2945.800003905071,2451.581740328109,3440.0182674820335
SC35,20,2023-11-16,2945.800003905071,2451.581740328109,3440.0182674820335
SC35,20,2023-11-17,2945.800003905071,2451.581740328109,3440.0182674820335
SC35,20,2023-11-18,2945.800003905071,2451.581740328109,3440.0182674820335
SC35,20,2023-11-19,2945.800003905071,2451.581740328109,3440.0182674820335
SC35,20,2023-11-20,2945.800003905071,2451.581740328109,3440.0182674820335
SC35,20,2023-11-21,2945.800003905071,2451.581740328109,3440.0182674820335
SC35,20,2023-11-22,2945.800003905071,2451.581740328109,3440.0182674820335
SC35,20,2023-11-23,2945.800003905071,2451.581740328109,3440.0182674820335
SC35,20,2023-11-24,2945.800003905071,2451.581740328109,3440.0182674820335
SC35,20,2023-11-25,2945.800003905071,2451.581740328109,3440.0182674820335
SC35,20,2023-11-26,2945.800003905071,2451.581740328109,3440.0182674820335
SC35,20,2023-11-27,2945.800003905071,2451.581740328109,3440.0182674820335
SC35,20,2023-11-28,2945.800003905071,2451.581740328109,3440.0182674820335
SC35,20,2023-11-29,2945.800003905071,2451.581740328109,3440.0182674820335
SC35,20,2023-11-30,2945.800003905071,2451.581740328109,3440.0182674820335
SC35,20,2023-12-01,2945.800003905071,2451.581740328109,3440.0182674820335
SC35,20,2023-12-02,2945.800003905071,2451.581740328109,3440.0182674820335
SC35,20,2023-12-03,2945.800003905071,2451.581740328109,3440.0182674820335
SC35,20,2023-12-04,2945.800003905071,2451.581740328109,3440.0182674820335
SC35,20,2023-12-05,2945.800003905071,2451.581740328109,3440.0182674820335
SC35,20,2023-12-06,2945.800003905071,2451.581740328109,3440.0182674820335
SC35,20,2023-12-07,2945.800003905071,2451.581740328109,3440.0182674820335
SC35,20,2023-12-08,2945.800003905071,2451.581740328109,3440.0182674820335
SC35,20,2023-12-09,2945.800003905071,2451.581740328109,3440.0182674820335
SC35,20,2023-12-10,2945.800003905071,2451.581740328109,3440.0182674820335
SC35,20,2023-12-11,2945.800003905071,2451.581740328109,3440.0182674820335
SC35,20,2023-12-12,2945.800003905071,2451.581740328109,3440.0182674820335
SC35,20,2023-12-13,2945.800003905071,2451.581740328109,3440.0182674820335
SC35,21,2023-11-07,3145.868575959072,2706.0704474734316,3585.6667044447127
SC35,21,2023-11-08,3112.0465612264024,2644.864222847403,3579.2288996054017
SC35,21,2023-11-09,3112.0465612264024,2644.864222847403,3579.2288996054017
SC35,21,2023-11-10,3112.0465612264024,2644.864222847403,3579.2288996054017
SC35,21,2023-11-11,3112.0465612264024,2644.864222847403,3579.2288996054017
SC35,21,2023-11-12,3112.0465612264024,2644.864222847403,3579.2288996054017
SC35,21,2023-11-13,3112.0465612264024,2644.864222847403,3579.2288996054017
SC35,21,2023-11-14,3112.0465612264024,2644.864222847403,3579.2288996054017
SC35,21,2023-11-15,3112.0465612264024,2644.864222847403,3579.2288996054017
SC35,21,2023-11-16,3112.0465612264024,2644.864222847403,3579.2288996054017
SC35,21,2023-11-17,3112.0465612264024,2644.864222847403,3579.2288996054017
SC35,21,2023-11-18,3112.0465612264024,2644.864222847403,3579.2288996054017
SC35,21,2023-11-19,3112.0465612264024,2644.864222847403,3579.2288996054017
SC35,21,2023-11-20,3112.0465612264024,2644.864222847403,3579.2288996054017
SC35,21,2023-11-21,3112.0465612264024,2644.864222847403,3579.2288996054017
SC35,21,2023-11-22,3112.0465612264024,2644.864222847403,3579.2288996054017
SC35,21,2023-11-23,3112.0465612264024,2644.864222847403,3579.2288996054017
SC35,21,2023-11-24,3112.0465612264024,2644.864222847403,3579.2288996054017
SC35,21,2023-11-25,3112.0465612264024,2644.864222847403,3579.2288996054017
SC35,21,2023-11-26,3112.0465612264024,2644.864222847403,3579.2288996054017
SC35,21,2023-11-27,3112.0465612264024,2644.864222847403,3579.2288996054017
SC35,21,2023-11-28,3112.0465612264024,2644.864222847403,3579.2288996054017
SC35,21,2023-11-29,3112.0465612264024,2644.864222847403,3579.2288996054017
SC35,21,2023-11-30,3112.0465612264024,2644.864222847403,3579.2288996054017
SC35,21,2023-12-01,3112.0465612264024,2644.864222847403,3579.2288996054017
SC35,21,2023-12-02,3112.0465612264024,2644.864222847403,3579.2288996054017
SC35,21,2023-12-03,3112.0465612264024,2644.864222847403,3579.2288996054017
SC35,21,2023-12-04,3112.0465612264024,2644.864222847403,3579.2288996054017
SC35,21,2023-12-05,3112.0465612264024,2644.864222847403,3579.2288996054017
SC35,21,2023-12-06,3112.0465612264024,2644.864222847403,3579.2288996054017
SC35,22,2023-11-22,3284.299993364289,2821.4551575693918,3747.1448291591864
SC35,22,2023-11-23,3284.299993364289,2821.4551575693918,3747.1448291591864
SC35,22,2023-11-24,3284.299993364289,2821.4551575693918,3747.1448291591864
SC35,22,2023-11-25,3284.299993364289,2821.4551575693918,3747.1448291591864
SC35,22,2023-11-26,3284.299993364289,2821.4551575693918,3747.1448291591864
SC35,22,2023-11-27,3284.299993364289,2821.4551575693918,3747.1448291591864
SC35,22,2023-11-28,3284.299993364289,2821.4551575693918,3747.1448291591864
SC35,22,2023-11-29,3284.299993364289,2821.4551575693918,3747.1448291591864
SC35,22,2023-11-30,3284.299993364289,2821.4551575693918,3747.1448291591864
SC35,22,2023-12-01,3284.299993364289,2821.4551575693918,3747.1448291591864
SC35,22,2023-12-02,3284.299993364289,2821.4551575693918,3747.1448291591864
SC35,22,2023-12-03,3284.299993364289,2821.4551575693918,3747.1448291591864
SC35,22,2023-12-04,3284.299993364289,2821.4551575693918,3747.1448291591864
SC35,22,2023-12-05,3284.299993364289,2821.4551575693918,3747.1448291591864
SC35,22,2023-12-06,3284.299993364289,2821.4551575693918,3747.1448291591864
SC35,22,2023-12-07,3284.299993364289,2821.4551575693918,3747.1448291591864
SC35,22,2023-12-08,3284.299993364289,2821.4551575693918,3747.1448291591864
SC35,22,2023-12-09,3284.299993364289,2821.4551575693918,3747.1448291591864
SC35,22,2023-12-10,3284.299993364289,2821.4551575693918,3747.1448291591864
SC35,22,2023-12-11,3284.299993364289,2821.4551575693918,3747.1448291591864
SC35,22,2023-12-12,3284.299993364289,2821.4551575693918,3747.1448291591864
SC35,22,2023-12-13,3284.299993364289,2821.4551575693918,3747.1448291591864
SC35,22,2023-12-14,3284.299993364289,2821.4551575693918,3747.1448291591864
SC35,22,2023-12-15,3284.299993364289,2821.4551575693918,3747.1448291591864
SC35,22,2023-12-16,3284.299993364289,2821.4551575693918,3747.1448291591864
SC35,22,2023-12-17,3284.299993364289,2821.4551575693918,3747.1448291591864
SC35,22,2023-12-18,3284.299993364289,2821.4551575693918,3747.1448291591864
SC35,22,2023-12-19,3284.299993364289,2821.4551575693918,3747.1448291591864
SC35,22,2023-12-20,3284.299993364289,2821.4551575693918,3747.1448291591864
SC35,22,2023-12-21,3284.299993364289,2821.4551575693918,3747.1448291591864
SC35,23,2023-11-08,1951.066647146082,962.8662238587464,2939.2670704334178
SC35,23,2023-11-09,1951.066647146082,962.8662238587464,2939.2670704334178
SC35,23,2023-11-10,1951.066647146082,962.8662238587464,2939.2670704334178
SC35,23,2023-11-11,1951.066647146082,962.8662238587464,2939.2670704334178
SC35,23,2023-11-12,1951.066647146082,962.8662238587464,2939.2670704334178
SC35,23,2023-11-13,1951.066647146082,962.8662238587464,2939.2670704334178
SC35,23,2023-11-14,1951.066647146082,962.8662238587464,2939.2670704334178
SC35,23,2023-11-15,1951.066647146082,962.8662238587464,2939.2670704334178
SC35,23,2023-11-16,1951.066647146082,962.8662238587464,2939.2670704334178
SC35,23,2023-11-17,1951.066647146082,962.8662238587464,2939.2670704334178
SC35,23,2023-11-18,1951.066647146082,962.8662238587464,2939.2670704334178
SC35,23,2023-11-19,1951.066647146082,962.8662238587464,2939.2670704334178
SC35,23,2023-11-20,1951.066647146082,962.8662238587464,2939.2670704334178
SC35,23,2023-11-21,1951.066647146082,962.8662238587464,2939.2670704334178
SC35,23,2023-11-22,1951.066647146082,962.8662238587464,2939.2670704334178
SC35,23,2023-11-23,1951.066647146082,962.8662238587464,2939.2670704334178
SC35,23,2023-11-24,1951.066647146082,962.8662238587464,2939.2670704334178
SC35,23,2023-11-25,1951.066647146082,962.8662238587464,2939.2670704334178
SC35,23,2023-11-26,1951.066647146082,962.8662238587464,2939.2670704334178
SC35,23,2023-11-27,1951.066647146082,962.8662238587464,2939.2670704334178
SC35,23,2023-11-28,1951.066647146082,962.8662238587464,2939.2670704334178
SC35,23,2023-11-29,1951.066647146082,962.8662238587464,2939.2670704334178
SC35,23,2023-11-30,1951.066647146082,962.8662238587464,2939.2670704334178
SC35,23,2023-12-01,1951.066647146082,962.8662238587464,2939.2670704334178
SC35,23,2023-12-02,1951.066647146082,962.8662238587464,2939.2670704334178
SC35,23,2023-12-03,1951.066647146082,962.8662238587464,2939.2670704334178
SC35,23,2023-12-04,1951.066647146082,962.8662238587464,2939.2670704334178
SC35,23,2023-12-05,1951.066647146082,962.8662238587464,2939.2670704334178
SC35,23,2023-12-06,1951.066647146082,962.8662238587464,2939.2670704334178
SC35,23,2023-12-07,1951.066647146082,962.8662238587464,2939.2670704334178
